Full Name,Position ,Years of Service as a justice,Recess Appointment?,Appointing President,Political Party Affiliation of President,Year of Birth,Age When Appointed,Birth location, Home State of Nominee,Religion,Race/Ethnicity,Gender,Undergraduate Institution,Graduate Institution,Law School,State Where Nominee Read the Law,Supreme Court clerkship,State(s) in which Nominee was Admitted to the Bar,Nominee's Occupation at Time of Appointment,Served as a state trial judge,Served as a state appellate judge,Served as a justice on the state's highest court,Served as a federal district court judge,Served as a federal appellate judge,Served as an Assistant U.S. Attorney?,Served as a U.S. Attorney?,Served in the Office of the U.S. Solicitor General (but not as SG)?,Served as the U.S. Solicitor General?,Served in the Office of the U.S. Attorney General (but not as AG)?,Served as the U.S. Attorney General?,Served in a U.S. Cabinet (below Secretary level)?,Served at the Secretary level in a U.S. Cabinet?,"Served in a Executive Commission, Agency, or White House Post (at a level below Head)?",Served as Head of an Executive Commission or Agency?,Served as U.S. President,Served in the U.S. House of Representatives,Served in the U.S. Senate,Served as Lt. Governor,Served as Governor,Served as Mayor, Served in a State Senate, Served in a State House, Served on a City Council,Served as a Public Defender,Justice's Reason for Departure from the Court,Justice's Age at Time of Departure from the Court,Year of Death
"Jay, John",Chief Justice,1789-1795,,George Washington,Federalist,1745,43,New York,New York,Episcopalian,White,Male,King's College (now Columbia University),King's College (now Columbia University),No Formal Law School Education/Read law,New York,No,New York,Secretary of Foreign Affairs,No,No,Yes,No,No,No,No,No,No,No,No,No,Yes,No,No,No,No,No,No,No,No,No,No,No,No,Took another position,49,1829
"Rutledge, John",Associate Justice,1790-1791; 1795-1795,Only his appointment to Chief Justice in 1795 which was ultimately rejected by the Senate,George Washington,Federalist,1739,50,South Carolina,South Carolina,Episcopalian,White,Male,Unknown or No Undergraduate Education,N/A,Read law and attended Middle Temple (England),South Carolina,No,England,State trial court judge,Yes,No,No,No,No,No,No,No,No,No,No,No,No,No,No,No,No,No,No,Yes,No,No,Yes,No,No,Took another position; Recess Appointment was rejected by the Senate,51,1800
"Cushing, William",Associate Justice,1790-1810,,George Washington,Federalist,1732,57,Massachusetts,Massachusetts,Congregationalist,White,Male,Harvard University,N/A,No Formal Law School Education/Read law,Massachusetts,No,Massachusetts,State highest court justice,Yes,No,Yes,No,No,No,No,No,No,No,No,No,No,No,No,No,No,No,No,No,No,No,No,No,No,Death,78,1810
"Harrison, Robert H.",Confirmed but did not serve,N/A,,George Washington,Federalist,1745,44,Maryland,Maryland,Church Of England,White,Male,Unknown or No Undergraduate Education,N/A,No Formal Law School Education/Read law,Unknown,No,"Maryland, Virginia",State trial court judge,Yes,No,No,No,No,No,No,No,No,No,No,No,No,No,No,No,No,No,No,No,No,No,No,No,No,N/A,N/A,1790
"Wilson, James",Associate Justice,1789-1798,,George Washington,Federalist,1742,47,Scotland,Pennsylvania,Episcopalian,White,Male,University of St. Andrew's; University of Glasgow; University of Edinburgh,N/A,No Formal Law School Education/Read law,Pennsylvania,No,Pennsylvania,Solo practice,No,No,No,No,No,No,No,No,No,No,No,No,No,No,No,No,No,No,No,No,No,No,No,No,No,Death,55,1798
"Blair, John, Jr.",Associate Justice,1790-1796,,George Washington,Federalist,1732,57,Virginia,Virginia,Episcopalian,White,Male,College of William And Mary,N/A,Middle Temple (England),N/A,No,Virginia,State highest court justice,Yes,No,Yes,No,No,No,No,No,No,No,No,No,No,No,No,No,No,No,No,No,No,No,Yes,No,No,Declining health,64,1800
"Iredell, James",Associate Justice,1790-1799,,George Washington,Federalist,1751,38,England,North Carolina,Episcopalian,White,Male,Unknown or No Undergraduate Education,N/A,No Formal Law School Education/Read law,North Carolina,No,North Carolina,Solo practice,Yes,No,No,No,No,No,No,No,No,No,No,No,No,Yes,No,No,No,No,No,No,No,No,No,No,No,Death,48,1799
"Johnson, Thomas",Associate Justice,1792-1793,Yes,George Washington,Federalist,1732,58,Maryland,Maryland,Episcopalian,White,Male,Unknown or No Undergraduate Education,N/A,No Formal Law School Education/Read law,Maryland,No,Maryland,State trial court judge,Yes,No,No,No,No,No,No,No,No,No,No,No,No,No,No,No,No,No,No,Yes,No,No,Yes,No,No,Declining health,59,1819
"Paterson, William",Associate Justice,1793-1806,,George Washington,Federalist,1745,47,Ireland,New Jersey,Presbyterian,White,Male,College of New Jersey (now Princeton University),College of New Jersey (now Princeton University),No Formal Law School Education/Read law,New Jersey,No,New Jersey,Governor of New Jersey,No,No,No,No,No,No,No,No,No,No,No,No,No,No,No,No,No,Yes,No,Yes,No,No,Yes,No,No,Death,60,1806
"Chase, Samuel",Associate Justice,1796-1811,,George Washington,Federalist,1741,54,Maryland,Maryland,Episcopalian,White,Male,Unknown or No Undergraduate Education,N/A,No Formal Law School Education/Read law,Maryland,No,Maryland,State trial court judge,Yes,No,No,No,No,No,No,No,No,No,No,No,No,No,No,No,No,No,No,No,No,No,Yes,No,No,Death,70,1811
"Ellsworth, Oliver",Chief Justice,1796-1800,,George Washington,Federalist,1745,50,Connecticut,Connecticut,Congregationalist,White,Male,College of New Jersey (now Princeton University),N/A,No Formal Law School Education/Read law,Connecticut,No,Connecticut,U.S. Senator,Yes,No,No,No,No,No,No,No,No,No,No,No,No,No,No,No,No,Yes,No,No,No,No,Yes,No,No,Declining health,55,1807
"Washington, Bushrod",Associate Justice,1799-1829,Yes,John Adams,Federalist,1762,36,Virginia,Virginia,Episcopalian,White,Male,College of William And Mary,N/A,No Formal Law School Education/Read law,Pennsylvania,No,Virginia,Solo practice,No,No,No,No,No,No,No,No,No,No,No,No,No,No,No,No,No,No,No,No,No,No,Yes,No,No,Death,37,1829
"Moore, Alfred",Associate Justice,1800-1804,Yes,John Adams,Federalist,1755,44,North Carolina,North Carolina,Episcopalian,White,Male,Unknown or No Undergraduate Education,N/A,No Formal Law School Education/Read law,North Carolina,No,North Carolina,State trial court judge,Yes,No,No,No,No,No,No,No,No,No,No,No,No,No,No,No,No,No,No,No,No,Yes,Yes,No,No,Declining health,48,1810
"Marshall, John",Chief Justice,1801-1835,,John Adams,Federalist,1755,45,Virginia,Virginia,Episcopalian,White,Male,Unknown or No Undergraduate Education,N/A,College of William And Mary,Virginia,No,Virginia,Secretary of State,No,No,No,No,No,No,No,No,No,No,No,Yes,Yes,No,No,No,Yes,No,No,No,No,No,Yes,No,No,Death,79,1835
"Johnson, William",Associate Justice,1804-1834,,Thomas Jefferson,Democratic Republican,1771,32,South Carolina,South Carolina,Presbyterian,White,Male,College of New Jersey (now Princeton University),N/A,No Formal Law School Education/Read law,South Carolina,No,South Carolina,State highest court justice,No,No,Yes,No,No,No,No,No,No,No,No,No,No,No,No,No,No,No,No,No,No,No,Yes,No,No,Death,62,1834
"Livingston, Henry Brockholst",Associate Justice,1807-1823,Yes,Thomas Jefferson,Democratic Republican,1757,48,New York,New York,Presbyterian,White,Male,College of New Jersey (now Princeton University),N/A,No Formal Law School Education/Read law,New York,No,New York,State highest court justice,No,No,Yes,No,No,No,No,No,No,No,No,No,No,No,No,No,No,No,No,No,No,No,Yes,No,No,Death,49,1823
"Todd, Thomas",Associate Justice,1807-1826,,Thomas Jefferson,Democratic Republican,1765,42,Virginia,Kentucky,Presbyterian,White,Male,Liberty Hall Academy (now Washington and Lee University),N/A,No Formal Law School Education/Read law,Virginia,No,Virginia,State highest court justice,No,No,Yes,No,No,No,No,No,No,No,No,No,No,No,No,No,No,No,No,No,No,No,No,No,No,Death,61,1826
"Lincoln, Levi",Confirmed but did not serve,N/A,,James Madison,Democratic Republican,1749,61,Massachusetts,Massachusetts,Protestant,White,Male,Harvard University,N/A,No Formal Law School Education/Read law,Massachusetts,No,Massachusetts,Governor's Council (Massachusetts),Yes,No,No,No,No,No,No,No,No,No,Yes,No,Yes,No,No,No,Yes,No,Yes,Yes,No,Yes,Yes,No,No,N/A,N/A,1820
"Wolcott, Alexander",Not confirmed by the Senate,N/A,,James Madison,Democratic Republican,1758,52,Connecticut,Connecticut,Unknown,White,Male,Yale University,N/A,Unknown,Unknown,No,Unknown,Revenue collector ,Yes,No,No,No,No,Unknown,Unknown,No,No,Unknown,No,Unknown,No,Yes,Unknown,No,No,No,Unknown,Unknown,Unknown,Unknown,Unknown,Unknown,No,N/A,N/A,1828
"Adams, John Quincy",Confirmed but did not serve,N/A,,James Madison,Democratic Republican,1767,43,Massachusetts,Massachusetts,Unitarian,White,Male,Harvard University,N/A,No Formal Law School Education/Read law,Massachusetts,No,Massachusetts,Minister to Russia,No,No,No,No,No,No,No,No,No,No,No,Yes,No,No,No,No,No,Yes,No,No,No,Yes,No,No,No,N/A,N/A,1848
"Duvall, Gabriel",Associate Justice,1811-1835,,James Madison,Democratic Republican,1752,58,Maryland,Maryland,Episcopalian,White,Male,Unknown or No Undergraduate Education,N/A,No Formal Law School Education/Read law,Maryland,No,Maryland,Controller of the Treasury,No,No,No,No,No,No,No,No,No,No,No,Yes,No,No,No,No,Yes,No,No,No,No,No,Yes,No,No,Advanced age,82,1844
"Story, Joseph",Associate Justice,1812-1845,,James Madison,Democratic Republican,1779,32,Massachusetts,Massachusetts,Unitarian,White,Male,Harvard University,N/A,No Formal Law School Education/Read law,Massachusetts,No,Massachusetts,Member of the Massachusetts legislature,No,No,No,No,No,No,No,No,No,No,No,No,No,No,No,No,Yes,No,No,No,No,No,Yes,No,No,Death,65,1845
"Thompson, Smith",Associate Justice,1823-1843,Yes,James Monroe,Democratic Republican,1768,55,New York,New York,Presbyterian,White,Male,College of New Jersey (now Princeton University),N/A,No Formal Law School Education/Read law,New York,No,New York,Secretary of the Navy,No,No,Yes,No,No,No,No,No,No,No,No,No,Yes,No,No,No,No,No,No,No,No,No,Yes,No,No,Death,56,1843
"Trimble, Robert",Associate Justice,1826-1828,,John Quincy Adams,Democratic Republican,1776,49,Virginia,Kentucky,Presbyterian,White,Male,Unknown or No Undergraduate Education,N/A,No Formal Law School Education/Read law,Kentucky,No,Kentucky,District court judge,No,No,Yes,Yes,No,No,No,No,No,No,No,No,No,No,No,No,No,No,No,No,No,No,Yes,No,No,Death,51,1828
"Crittenden, John",Not confirmed by the Senate,N/A,,John Quincy Adams,Democratic Republican,1786,41,Kentucky,Kentucky,Protestant,White,Male,College of William And Mary,N/A,No Formal Law School Education/Read law,Kentucky,No,Kentucky,U.S. Attorney,No,No,No,No,No,No,Yes,No,No,No,Yes,No,No,No,No,No,No,Yes,No,No,No,No,Yes,No,No,N/A,N/A,1863
"McLean, John",Associate Justice,1830-1861,,Andrew Jackson,Democrat,1785,43,New Jersey,Ohio,Methodist,White,Male,Unknown or No Undergraduate Education,N/A,No Formal Law School Education/Read law,Ohio,No,Ohio,Postmaster General,No,No,Yes,No,No,No,No,No,No,No,No,No,Yes,Yes,Yes,No,Yes,No,No,No,No,No,No,No,No,Death,76,1861
"Baldwin, Henry",Associate Justice,1830-1844,,Andrew Jackson,Democrat,1780,49,Connecticut,Pennsylvania,Episcopalian,White,Male,Yale College,N/A,No Formal Law School Education/Read law,Pennsylvania,No,Pennsylvania,Small partnership,No,No,No,No,No,No,No,No,No,No,No,No,No,No,No,No,Yes,No,No,No,No,No,No,No,No,Death,64,1844
"Wayne, James Moore",Associate Justice,1835-1867,,Andrew Jackson,Democrat,1790,45,Georgia,Georgia,Episcopalian,White,Male,Princeton University,N/A,No Formal Law School Education/Read law,Connecticut,No,Georgia,U.S. Representative,Yes,No,No,No,No,No,No,No,No,No,No,No,No,No,No,No,Yes,No,No,No,Yes,No,Yes,No,No,Death,77,1867
"Taney, Roger Brooke",Chief Justice,1836-1864,,Andrew Jackson,Democrat,1777,58,Maryland,Maryland,Roman Catholic,White,Male,Dickinson College,N/A,No Formal Law School Education/Read law,Maryland,No,Maryland,Solo practice,No,No,No,No,No,No,No,No,No,No,Yes,No,Yes,No,No,No,No,No,No,No,No,Yes,Yes,No,No,Death,87,1864
"Barbour, Philip Pendelton",Associate Justice,1836-1841,,Andrew Jackson,Democrat,1783,51,Virginia,Virginia,Episcopalian,White,Male,Unknown or Unknown or No Undergraduate Education,N/A,No Formal Law School Education/Read law,Virginia,No,Virginia,District court judge,Yes,No,No,Yes,No,No,No,No,No,No,No,No,No,No,No,No,Yes,No,No,No,No,No,Yes,No,No,Death,57,1841
"Smith, William",Confirmed but did not serve,N/A,,Andrew Jackson,Democrat,1762,75,North Carolina,Alabama,Unknown,White,Male,Unknown or No Undergraduate Education,N/A,No Formal Law School Education/Read law,South Carolina,No,South Carolina,Member of the Alabama legislature,Yes,No,No,No,No,No,No,No,No,No,No,No,No,No,No,No,No,Yes,No,No,No,Yes,Yes,No,No,N/A,N/A,1840
"Catron, John",Associate Justice,1837-1865,,Andrew Jackson,Democrat,1786,51,Pennsylvania,Tennessee,Presbyterian,White,Male,Unknown or No Undergraduate Education,N/A,No Formal Law School Education/Read law,Tennessee,No,Tennessee,Solo practice,No,No,Yes,No,No,No,No,No,No,No,No,No,No,No,No,No,No,No,No,No,No,No,No,No,No,Death,79,1865
"McKinley, John",Associate Justice,1838-1852,Yes,Martin Van Buren,Democrat,1780,56,Virginia,Alabama,Protestant,White,Male,Unknown or No Undergraduate Education,N/A,No Formal Law School Education/Read law,Kentucky,No,Kentucky,U.S. Senator,No,No,No,No,No,No,No,No,No,No,No,No,No,No,No,No,Yes,Yes,No,No,No,No,Yes,No,No,Death,58,1852
"Daniel, Peter Vivian",Associate Justice,1842-1860,,Martin Van Buren,Democrat,1784,56,Virginia,Virginia,Episcopalian,White,Male,Princeton University,N/A,No Formal Law School Education/Read law,Virginia,No,Virginia,District court judge,No,No,No,Yes,No,No,No,No,No,No,No,No,No,No,No,No,No,No,Yes,No,No,No,Yes,No,No,Death,76,1860
"Spencer, John C.",Not confirmed by the Senate; Nomination withdrawn,N/A,,John Tyler,Democrat,1788,56,New York,New York,Methodist,White,Male,Union College,N/A,No Formal Law School Education/Read law,New York,No,New York,Secretary of the Treasury,Yes,No,No,No,No,No,No,No,No,No,No,No,Yes,No,No,No,Yes,No,No,No,No,Yes,Yes,No,No,N/A,N/A,1855
"Walworth, Reuben H.",Nominations withdrawn/unsuccessful,N/A,,John Tyler,Democrat,1788,55,Connecticut,New York,Presbyterian,White,Male,Unknown or No Undergraduate Education,N/A,No Formal Law School Education/Read law,New York,No,New York,State trial court judge,Yes,No,No,No,No,No,No,No,No,No,No,No,No,No,No,No,Yes,No,No,No,No,No,No,No,No,N/A,N/A,1867
"King, Edward",Not confirmed by the Senate; Nomination withdrawn,N/A,,John Tyler,Democrat,1794,50,Pennsylvania,Pennsylvania,Unknown,White,Male,Unknown or No Undergraduate Education,N/A,No Formal Law School Education/Read law,Pennsylvania,No,Pennsylvania,State trial court judge,Yes,No,No,No,No,No,No,No,No,No,No,No,No,No,No,No,No,No,No,No,No,No,No,No,No,N/A,N/A,1873
"Nelson, Samuel",Associate Justice,1845-1872,,John Tyler,Democrat,1792,52,New York,New York,Episcopalian,White,Male,Middlebury,N/A,No Formal Law School Education/Read law,New York,No,New York,State highest court justice,Yes,No,Yes,No,No,No,No,No,No,No,No,No,No,Yes,No,No,No,No,No,No,No,No,No,No,No,Advanced age,80,1873
"Read, John M.",Not confirmed by the Senate,N/A,,John Tyler,Democrat,1794,47,Pennsylvania,Pennsylvania,Episcopalian,White,Male,University of Pennsylvania,N/A,No Formal Law School Education/Read law,Unknown,No,Pennsylvania,Private practice (type unknown),No,No,No,No,No,No,Yes,No,No,No,No,No,No,No,No,No,No,No,No,No,No,No,Yes,Yes,No,N/A,N/A,1874
"Woodward, George W.",Not confirmed by the Senate,N/A,,James Knox Polk,Democrat,1809,36,Pennsylvania,Pennsylvania,Unknown,White,Male,Hobart College,N/A,Unknown,Pennsylvania,No,Pennsylvania,State trial court judge,Yes,No,No,No,No,No,No,No,No,No,No,No,No,No,No,No,No,No,No,No,No,No,No,No,No,N/A,N/A,1875
"Woodbury, Levi",Associate Justice,1845-1851,Yes,James Knox Polk,Democrat,1789,55,New Hampshire,New Hampshire,Presbyterian,White,Male,Dartmouth College,N/A,Read law and attended Litchfield (Tapping Reeve) Law School,Massachusetts,No,New Hampshire,U.S. Senator,No,No,Yes,No,No,No,No,No,No,No,No,No,Yes,No,No,No,No,Yes,No,Yes,No,No,Yes,No,No,Death,56,1851
"Grier, Robert Cooper",Associate Justice,1846-1870,,James Knox Polk,Democrat,1794,52,Pennsylvania,Pennsylvania,Presbyterian,White,Male,Dickinson College,N/A,No Formal Law School Education/Read law,Pennsylvania,No,Pennsylvania,State trial court judge,No,No,No,No,No,No,No,No,No,No,No,No,No,No,No,No,No,No,No,No,No,No,No,No,No,Declining health,75,1870
"Curtis, Benjamin Robbins",Associate Justice,1851-1857,Yes,Millard Fillmore,Whig,1809,41,Massachusetts,Massachusetts,Episcopalian,White,Male,Harvard University,N/A,Harvard University,N/A,No,Massachusetts,Member of the Massachusetts legislature,No,No,No,No,No,No,No,No,No,No,No,No,No,No,No,No,No,No,No,No,No,No,Yes,No,No,Other,42,1874
"Bradford, Edward A.",Not confirmed by the Senate,N/A,,Millard Fillmore,Whig,1813,38,Connecticut,Louisiana,Unknown,White,Male,Yale University,Unknown,Unknown,Unknown,No,Unknown,Private practice (type unknown),Uknown,No,No,No,No,Unknown,Unknown,No,No,Unknown,No,Unknown,No,Unknown,Unknown,No,No,No,Unknown,Unknown,Unknown,Unknown,Unknown,Unknown,No,N/A,N/A,1872
"Badger, George E.",Not confirmed by the Senate,N/A,,Millard Fillmore,Whig,1795,57,North Carolina,North Carolina,Protestant,White,Male,Yale University,N/A,No Formal Law School Education/Read law,North Carolina,No,North Carolina,U.S. Senator,Yes,No,No,No,No,No,No,No,No,No,No,No,Yes,No,No,No,No,Yes,No,No,No,No,Yes,No,No,N/A,N/A,1866
"Micou, William C.",Not confirmed by the Senate,N/A,,Millard Fillmore,Whig,1806,47,Louisiana,Louisiana,Unknown,White,Male,Unknown,Unknown,Unknown,Unknown,No,Unknown,Private practice (type unknown),Unknown,No,No,No,No,Unknown,Unknown,No,No,Unknown,No,Unknown,No,Unknown,Unknown,No,No,No,Unknown,Unknown,Unknown,Unknown,Unknown,Unknown,No,N/A,N/A,1854
"Campbell, John Archibald",Associate Justice,1853-1861,,Franklin Pierce,Democrat,1811,41,Georgia,Alabama,Episcopalian,White,Male,West Point,N/A,No Formal Law School Education/Read law,Georgia,No,Georgia,Solo practice,No,No,No,No,No,No,No,No,No,No,No,No,No,No,No,No,No,No,No,No,No,No,Yes,No,No,Took another position,49,1889
"Clifford, Nathan",Associate Justice,1858-1881,,James Buchanan,Democrat,1803,54,New Hampshire,Maine,Unitarian,White,Male,Unknown or No Undergraduate Education,N/A,No Formal Law School Education/Read law,New Hampshire,No,New Hampshire,Small partnership,No,No,No,No,No,No,No,No,No,No,Yes,Yes,No,No,No,No,Yes,No,No,No,No,No,Yes,No,No,Death,77,1881
"Black, Jeremiah S.",Not confirmed by the Senate,N/A,,James Buchanan,Democrat,1810,51,Pennsylvania,Pennsylvania,Disciples Of Christ,White,Male,Unknown or No Undergraduate Education,N/A,No Formal Law School Education/Read law,Pennsylvania,No,Pennsylvania,Secretary of State,Yes,No,Yes,No,No,No,No,No,No,No,Yes,No,Yes,No,No,No,No,No,No,No,No,No,No,No,No,N/A,N/A,1883
"Swayne, Noah Haynes",Associate Justice,1862-1881,,Abraham Lincoln,Republican,1804,57,Virginia,Ohio,Quaker,White,Male,Unknown or No Undergraduate Education,N/A,No Formal Law School Education/Read law,Virginia,No,Virginia,Small partnership,No,No,No,No,No,No,Yes,No,No,No,No,No,No,No,No,No,No,No,No,No,No,No,Yes,Yes,No,Declining health,76,1884
"Miller, Samuel Freeman",Associate Justice,1862-1890,,Abraham Lincoln,Republican,1816,46,Kentucky,Iowa,Unitarian,White,Male,Transylvania University,N/A,No Formal Law School Education/Read law,Kentucky,No,Kentucky,Small partnership,Yes,No,No,No,No,No,No,No,No,No,No,No,No,No,No,No,No,No,No,No,No,No,No,No,No,Death,74,1890
"Davis, David",Associate Justice,1862-1877,Yes,Abraham Lincoln,Republican,1815,47,Maryland,Illinois,Presbyterian,White,Male,Kenyon College,N/A,Yale University,Massachusetts,No,Illinois,State trial court judge,Yes,No,No,No,No,No,No,No,No,No,No,No,No,No,No,No,No,No,No,No,No,No,Yes,No,No,Took another position,47,1886
"Field, Stephen Johnson",Associate Justice,1863-1897,,Abraham Lincoln,Republican,1816,46,Connecticut,California,Episcopalian,White,Male,Williams College,N/A,No Formal Law School Education/Read law,New York,No,New York,State highest court justice,No,No,Yes,No,No,No,No,No,No,No,No,No,No,No,No,No,No,No,No,No,Yes,No,Yes,No,No,Declining health,81,1899
"Chase, Salmon Portland",Chief Justice,1864-1873,,Abraham Lincoln,Republican,1808,56,New Hampshire,Ohio,Episcopalian,White,Male,Dartmouth College,N/A,No Formal Law School Education/Read law,"Washington, D.C.",No,Ohio,Secretary of the Treasury,No,No,No,No,No,No,No,No,No,No,No,No,Yes,No,No,No,No,Yes,No,Yes,No,No,No,No,No,Death,65,1873
"Stanbery, Henry",Not confirmed by the Senate,N/A,,Andrew Johnson,Democrat,1803,63,New York,Ohio,Presbyterian,White,Male,Washington and Jefferson College,N/A,No Formal Law School Education/Read law,Ohio,No,Ohio,Solo practice,No,No,No,No,No,No,No,No,No,No,Yes,No,No,No,No,No,No,No,No,No,No,No,No,No,No,N/A,N/A,1881
"Hoar, Ebenezer R.",Not confirmed by the Senate,N/A,,Ulysses Simpson Grant,Republican,1816,53,Massachusetts,Massachusetts,Unitarian,White,Male,Harvard University,N/A,Harvard University,Massachusetts,No,Massachusetts,U.S. Attorney General,Yes,No,Yes,No,No,No,No,No,No,No,Yes,No,No,No,No,No,No,No,No,No,No,Yes,No,No,No,N/A,N/A,1895
"Stanton, Edwin M.",Confirmed but did not serve,N/A,,Ulysses Simpson Grant,Republican,1814,54,Ohio,Pennsylvania,Unknown,White,Male,Kenyon College,N/A,No Formal Law School Education/Read law,Ohio,No,Ohio,Solo practice,No,No,No,No,No,No,No,No,No,No,Yes,No,Yes,No,No,No,No,No,No,No,No,No,No,No,No,N/A,N/A,1869
"Strong, William",Associate Justice,1870-1880,,Ulysses Simpson Grant,Republican,1808,61,Connecticut,Pennsylvania,Presbyterian,White,Male,Yale University,Yale University,Yale University,New Jersey,No,Pennsylvania,Solo practice,No,No,Yes,No,No,No,No,No,No,No,No,No,No,No,No,No,Yes,No,No,No,No,No,No,No,No,Other,72,1895
"Bradley, Joseph P.",Associate Justice,1870-1892,,Ulysses Simpson Grant,Republican,1813,57,New York,New Jersey,Dutch Reform,White,Male,Rutgers,N/A,No Formal Law School Education/Read law,New Jersey,No,New Jersey,Small partnership,No,No,No,No,No,No,No,No,No,No,No,No,No,No,No,No,No,No,No,No,No,No,No,No,No,Death,78,1892
"Hunt, Ward",Associate Justice,1873-1882,,Ulysses Simpson Grant,Republican,1810,62,New York,New York,Episcopalian,White,Male,Union College,N/A,Litchfield (Tapping Reeve) Law School,New York,No,New York,State highest court justice,No,No,Yes,No,No,No,No,No,No,No,No,No,No,No,No,No,No,No,No,No,Yes,No,Yes,No,No,Declining health,71,1886
"Williams, George H.",Nomination withdrawn,N/A,,Ulysses Simpson Grant,Republican,1823,50,New York,Oregon,Episcopalian,White,Male,Unknown or No Undergraduate Education,N/A,No Formal Law School Education/Read law,New York,No,"New York, Iowa, Oregon",U.S. Attorney General,Yes,No,Yes,No,No,No,No,No,No,No,Yes,No,No,Yes,No,No,No,Yes,No,No,No,No,No,No,No,N/A,N/A,1910
"Cushing, Caleb",Nomination withdrawn,N/A,,Ulysses Simpson Grant,Republican,1800,73,Massachusetts,Massachusetts,Protestant,White,Male,Harvard University,N/A,Harvard University,Massachusetts,No,Massachusetts,Minister to Spain,No,No,Yes,No,No,No,No,No,No,No,Yes,Yes,No,Yes,No,No,Yes,No,No,No,Yes,Yes,Yes,No,No,N/A,N/A,1879
"Waite, Morrison Remick",Chief Justice,1874-1888,,Ulysses Simpson Grant,Republican,1816,57,Connecticut,Ohio,Episcopalian,White,Male,Yale University,N/A,No Formal Law School Education/Read law,Ohio,No,Ohio,Small partnership,No,No,No,No,No,No,No,No,No,No,No,No,No,No,No,No,No,No,No,No,No,No,Yes,No,No,Death,71,1888
"Harlan, John Marshall (I)",Associate Justice,1877-1911,,Rutherford Birchard Hayes,Republican,1833,44,Kentucky,Kentucky,Presbyterian,White,Male,Centre College,N/A,Transylvania,Kentucky,No,Kentucky,Small partnership,Yes,No,No,No,No,No,No,No,No,No,No,No,No,Yes,No,No,No,No,No,No,No,No,No,No,No,Death,78,1911
"Woods, William Burnham",Associate Justice,1881-1887,,Rutherford Birchard Hayes,Republican,1824,56,Ohio,Georgia,Protestant,White,Male,Yale University,N/A,No Formal Law School Education/Read law,Ohio,No,Ohio,U.S. Court of Appeals judge,Yes,No,No,No,Yes,No,No,No,No,No,No,No,No,No,No,No,No,No,No,No,Yes,No,Yes,No,No,Death,62,1887
"Matthews, Stanley",Associate Justice,1881-1889,,James Abram Garfield,Republican,1824,56,Ohio,Ohio,Presbyterian,White,Male,Kenyon College,N/A,No Formal Law School Education/Read law,Ohio,No,"Tennessee, Ohio",Solo practice,Yes,No,No,No,No,No,Yes,No,No,No,No,No,No,No,No,No,No,Yes,No,No,No,Yes,No,No,No,Death,64,1889
"Gray, Horace",Associate Justice,1882-1902,,Chester Alan Arthur,Republican,1828,53,Massachusetts,Massachusetts,Unitarian,White,Male,Harvard University,N/A,Harvard University,Massachusetts,No,Massachusetts,State highest court justice,No,No,Yes,No,No,No,No,No,No,No,No,No,No,No,No,No,No,No,No,No,No,No,No,No,No,Death,74,1902
"Conkling, Roscoe",Confirmed but did not serve,N/A,,Chester Alan Arthur,Republican,1829,52,New York,New York,Episcopalian,White,Male,Unknown or No Undergraduate Education,N/A,No Formal Law School Education/Read law,New York,No,New York,Solo practice,No,No,No,No,No,No,No,No,No,No,No,No,No,No,No,No,Yes,Yes,No,No,Yes,No,No,No,No,N/A,N/A,1888
"Blatchford, Samuel",Associate Justice,1882-1893,,Chester Alan Arthur,Republican,1820,62,New York,New York,Episcopalian,White,Male,Columbia University,N/A,No Formal Law School Education/Read law,New York,No,New York,U.S. Court of Appeals judge,No,No,No,Yes,Yes,No,No,No,No,No,No,No,No,No,No,No,No,No,No,No,No,No,No,No,No,Death,73,1893
"Lamar, Lucius Quintus Cincinnatus",Associate Justice,1888-1893,,Grover Cleveland,Democrat,1825,62,Georgia,Mississippi,Methodist,White,Male,Emory University,N/A,No Formal Law School Education/Read law,Georgia,No,Georgia,Secretary of the Interior,No,No,No,No,No,No,No,No,No,No,No,No,Yes,No,No,No,Yes,Yes,No,No,No,No,Yes,No,No,Death,67,1893
"Fuller, Melville Weston",Chief Justice,1888-1910,,Grover Cleveland,Democrat,1833,55,Maine,Illinois,Episcopalian,White,Male,Bowdoin College,N/A,Harvard University,Maine,No,"Maine, Illinois",Solo practice,No,No,No,No,No,No,No,No,No,No,No,No,No,No,No,No,No,No,No,No,No,No,Yes,Yes,No,Death,77,1910
"Brewer, David Josiah",Associate Justice,1890-1910,,Benjamin Harrison,Republican,1837,52,Turkey,Kansas,Congregationalist,White,Male,Yale University,N/A,Read law and attended Albany Law School,New York,No,"New York, Kansas",U.S. Court of Appeals judge,Yes,No,Yes,Yes,No,No,No,No,No,No,No,No,No,No,No,No,No,No,No,No,No,No,No,No,No,Death,72,1910
"Brown, Henry Billings",Associate Justice,1891-1906,,Benjamin Harrison,Republican,1836,54,Massachusetts,Michigan,Congregationalist,White,Male,Yale University,N/A,Harvard University,Michigan,No,Michigan,U.S. Court of Appeals judge,Yes,No,No,Yes,No,Yes,No,No,No,No,No,No,No,No,No,No,No,No,No,No,No,No,No,No,No,Declining health,70,1913
"Shiras, George, Jr.",Associate Justice,1892-1903,,Benjamin Harrison,Republican,1832,60,Pennsylvania,Pennsylvania,Presbyterian,White,Male,Yale University,N/A,Yale University,Pennsylvania,No,Pennsylvania,Solo practice,No,No,No,No,No,No,No,No,No,No,No,No,No,No,No,No,No,No,No,No,No,No,No,No,No,Spent more time with family,71,1924
"Jackson, Howell Edmunds",Associate Justice,1893-1895,,Benjamin Harrison,Republican,1832,60,Tennessee,Tennessee,Baptist,White,Male,University of Virginia,N/A,Cumberland University,Tennessee,No,Tennessee,U.S. Court of Appeals judge,Yes,No,No,No,Yes,No,No,No,No,No,No,No,No,No,No,No,No,Yes,No,No,No,No,Yes,No,No,Death,63,1895
"Hornblower, William B.",Nominations unsuccessful,N/A,,Grover Cleveland,Democrat,1851,42,New Jersey,New York,Presbyterian,White,Male,Princeton University,N/A,Columbia University,N/A,No,New York,Law firm,No,No,No,No,No,No,No,No,No,No,No,No,No,No,No,No,No,No,No,No,No,No,No,No,No,N/A,N/A,1914
"Peckham, Wheeler H.",Not confirmed by the Senate,N/A,,Grover Cleveland,Democrat,1833,61,New York,New York,Episcopalian,White,Male,Union College,N/A,No Formal Law School Education/Read law,New York,No,New York,Law firm,No,No,No,No,No,No,No,No,No,No,No,No,No,No,No,No,No,No,No,No,No,No,No,No,No,N/A,N/A,1905
"White, Edward Douglass",Associate Justice; Chief Justice,1894-1921,,Grover Cleveland,Democrat,1845,48,Louisiana,Louisiana,Roman Catholic,White,Male,Georgetown University,N/A,Tulane University,Louisiana,No,Louisiana,U.S. Senator,No,No,Yes,No,No,No,No,No,No,No,No,No,No,No,No,No,No,Yes,No,No,No,Yes,No,No,No,Death,65,1921
"Peckham, Rufus Wheeler",Associate Justice,1896-1909,,Grover Cleveland,Democrat,1838,57,New York,New York,Episcopalian,White,Male,Unknown or No Undergraduate Education,N/A,No Formal Law School Education/Read law,New York,No,New York,State highest court justice,Yes,No,Yes,No,No,No,No,No,No,No,No,No,No,No,No,No,No,No,No,No,No,No,No,No,No,Death,70,1909
"McKenna, Joseph",Associate Justice,1898-1925,,William Mckinley,Republican,1843,54,Pennsylvania,California,Roman Catholic,White,Male,Benicia Institute,N/A,Columbia University,California,No,California,U.S. Attorney General,No,No,No,No,Yes,No,No,No,No,No,Yes,No,No,No,No,No,Yes,No,No,No,No,No,Yes,No,No,Advanced age,81,1926
"Holmes, Oliver Wendell, Jr",Associate Justice,1902-1932,Yes,Theodore Roosevelt,Republican,1841,61,Massachusetts,Massachusetts,Unitarian,White,Male,Harvard University,N/A,Harvard University,N/A,No,Massachusetts,State highest court justice,No,No,Yes,No,No,No,No,No,No,No,No,No,No,No,No,No,No,No,No,No,No,No,No,No,No,Advanced age,61,1935
"Day, William Rufus",Associate Justice,1903-1922,,Theodore Roosevelt,Republican,1849,53,Ohio,Ohio,Lutheran,White,Male,University of Michigan,N/A,University of Michigan,Ohio,No,Ohio,U.S. Court of Appeals judge,Yes,No,No,No,Yes,No,No,No,No,No,No,Yes,Yes,No,No,No,No,No,No,No,No,No,No,No,No,Advanced age,73,1923
"Moody, William Henry",Associate Justice,1906-1910,,Theodore Roosevelt,Republican,1853,52,Massachusetts,Massachusetts,Episcopalian,White,Male,Harvard University,N/A,Harvard University,Massachusetts,No,Massachusetts,U.S. Attorney General,No,No,No,No,No,No,No,No,No,No,Yes,No,Yes,No,No,No,Yes,No,No,No,No,No,No,No,No,Declining health,56,1917
"Lurton, Horace Harmon",Associate Justice,1910-1914,,William Howard Taft,Republican,1844,65,Kentucky,Tennessee,Episcopalian,White,Male,University of Chicago,N/A,Cumberland University,N/A,No,Tennessee,U.S. Court of Appeals judge,Yes,No,Yes,No,Yes,No,No,No,No,No,No,No,No,No,No,No,No,No,No,No,No,No,No,No,No,Death,70,1914
"Hughes, Charles Evans",Associate Justice; Chief Justice,1910-1916; 1930-1941,,William Howard Taft,Republican,1862,48,New York,New York,Baptist,White,Male,Brown University,N/A,Columbia University,New York,No,New York,Governor of New York,No,No,No,No,No,No,No,No,No,Yes,No,No,No,No,No,No,No,No,No,Yes,No,No,No,No,No,Ran for public office (unsuccessful),54,1948
"Van Devanter, Willis",Associate Justice,1911-1937,,William Howard Taft,Republican,1859,51,Indiana,50. wyoming,Episcopalian,White,Male,Depauw University,N/A,University of Cincinnati,N/A,No,Indiana,U.S. Court of Appeals judge,No,No,Yes,No,Yes,No,No,No,No,Yes,No,No,No,No,No,No,No,No,No,No,No,No,Yes,No,No,Advanced age,78,1941
"Lamar, Joseph Rucker",Associate Justice,1911-1916,,William Howard Taft,Republican,1857,53,Georgia,Georgia,Disciples Of Christ,White,Male,Bethany,N/A,Washington And Lee University,Georgia,No,Georgia,Small partnership,No,No,Yes,No,No,No,No,No,No,No,No,No,No,No,No,No,No,No,No,No,No,No,Yes,No,No,Death,58,1916
"Pitney, Mahlon",Associate Justice,1912-1922,,William Howard Taft,Republican,1858,54,New Jersey,New Jersey,Presbyterian,White,Male,Princeton University,Princeton University,No Formal Law School Education/Read law,New Jersey,No,New Jersey,State highest court justice,No,No,Yes,No,No,No,No,No,No,No,No,No,No,No,No,No,Yes,No,No,No,No,Yes,No,No,No,Declining health,64,1924
"McReynolds, James Clark",Associate Justice,1914-1941,,Woodrow Wilson,Democrat,1862,52,Kentucky,Tennessee,Disciples Of Christ,White,Male,Vanderbilt University,N/A,University of Virginia,N/A,No,Tennessee,U.S. Attorney General,No,No,No,No,No,No,No,No,No,Yes,Yes,No,No,No,No,No,No,No,No,No,No,No,No,No,No,Advanced age,78,1946
"Brandeis, Louis Dembitz",Associate Justice,1916-1939,,Woodrow Wilson,Democrat,1856,59,Kentucky,Massachusetts,Jewish,White,Male,Annen Real Schule (Germany),N/A,Harvard University,N/A,No,Massachusetts,Law firm,No,No,No,No,No,No,No,No,No,No,No,No,No,No,No,No,No,No,No,No,No,No,No,No,No,Advanced age,82,1941
"Clarke, John Hessin",Associate Justice,1916-1922,,Woodrow Wilson,Democrat,1857,58,Ohio,Ohio,Protestant,White,Male,Western Reserve University,Western Reserve University,No Formal Law School Education/Read law,Ohio,No,Ohio,District court judge,No,No,No,Yes,No,No,No,No,No,No,No,No,No,No,No,No,No,No,No,No,No,No,No,No,No,Took another position,65,1945
"Taft, William Howard",Chief Justice,1921-1930,,Warren Gamaliel Harding,Republican,1857,63,Ohio,Connecticut,Unitarian,White,Male,Yale University,N/A,University of Cincinnati,N/A,No,Ohio,Professor ,Yes,No,No,No,Yes,No,No,No,Yes,No,No,No,Yes,No,Yes,Yes,No,No,No,No,No,No,No,No,No,Declining health,72,1930
"Sutherland, George",Associate Justice,1922-1938,,Warren Gamaliel Harding,Republican,1862,60,England,Utah,Episcopalian,White,Male,Brigham Young University,N/A,University of Michigan,N/A,No,"Michigan, Utah",Solo practice,No,No,No,No,No,No,No,No,No,No,No,No,No,No,No,No,Yes,Yes,No,No,No,Yes,No,No,No,Advanced age,75,1942
"Butler, Pierce",Associate Justice,1923-1939,,Warren Gamaliel Harding,Republican,1866,56,Minnesota,Minnesota,Roman Catholic,White,Male,Carleton College,N/A,No Formal Law School Education/Read law,Minnesota,No,Minnesota,Law firm,No,No,No,No,No,No,No,No,No,No,No,No,No,No,No,No,No,No,No,No,No,No,No,No,No,Death,73,1939
"Sanford, Edward Terry",Associate Justice,1923-1930,,Warren Gamaliel Harding,Republican,1865,57,Tennessee,Tennessee,Episcopalian,White,Male,Harvard University,Harvard University,Harvard University,N/A,No,Tennessee,District court judge,No,No,No,Yes,No,No,No,No,No,Yes,No,No,No,No,No,No,No,No,No,No,No,No,No,No,No,Death,64,1930
"Stone, Harlan Fiske",Associate Justice; Chief Justice,1925-1946,,Calvin Coolidge,Republican,1872,52,New Hampshire,New York,Episcopalian,White,Male,Amherst College,Amherst College,Columbia University,N/A,No,New York,U.S. Attorney General,No,No,No,No,No,No,No,No,No,No,Yes,No,No,No,No,No,No,No,No,No,No,No,No,No,No,Death,68,1946
"Parker, John J.",Not confirmed by the Senate,N/A,,Herbert Clark Hoover,Republican,1885,44,North Carolina,North Carolina,Episcopalian,White,Male,University of North Carolina at Chapel Hill,N/A,University of North Carolina at Chapel Hill,N/A,No,North Carolina,U.S. Court of Appeals judge,No,No,No,No,Yes,No,No,No,No,Yes,No,No,No,No,No,No,No,No,No,No,No,No,No,No,No,N/A,N/A,1958
"Roberts, Owen Josephus",Associate Justice,1930-1945,,Herbert Clark Hoover,Republican,1875,55,Pennsylvania,Pennsylvania,Episcopalian,White,Male,University of Pennsylvania,N/A,University of Pennsylvania,N/A,No,Pennsylvania,Law firm,No,No,No,No,No,No,Yes,No,No,Yes,No,No,No,No,No,No,No,No,No,No,No,No,No,No,No,Took another position,70,1955
"Cardozo, Benjamin Nathan",Associate Justice,1932-1938,,Herbert Clark Hoover,Republican,1870,61,New York,New York,Jewish,White,Male,Columbia University,N/A,Columbia University,N/A,No,New York,State highest court justice,Yes,No,Yes,No,No,No,No,No,No,No,No,No,No,No,No,No,No,No,No,No,No,No,No,No,No,Death,68,1938
"Black, Hugo Lafayette",Associate Justice,1937-1971,,Franklin Delano Roosevelt,Democrat,1886,51,Alabama,Alabama,Baptist,White,Male,Birmingham Medical,N/A,University of Alabama School of Law ,N/A,No,Alabama,U.S. Senator,Yes,No,No,No,No,No,No,No,No,No,No,No,No,No,No,No,No,Yes,No,No,No,No,No,No,No,Declining health,85,1971
"Reed, Stanley Forman",Associate Justice,1938-1957,,Franklin Delano Roosevelt,Democrat,1884,53,Kentucky,Kentucky,Protestant,White,Male,Yale University; Kentucky Wesleyan College,N/A,Read law and attended University of Virginia and Columbia University,N/A,No,Kentucky,U.S. Solicitor General,No,No,No,No,No,No,No,No,Yes,Yes,No,No,No,Yes,No,No,No,No,No,No,No,No,Yes,No,No,Declining health,72,1980
"Frankfurter, Felix",Associate Justice,1939-1962,,Franklin Delano Roosevelt,Democrat,1882,56,Austria,Massachusetts,Jewish,White,Male,College of the City of New York,N/A,Harvard University,N/A,No,New York,Professor ,No,No,No,No,No,Yes,No,No,No,No,No,Yes,No,No,No,No,No,No,No,No,No,No,No,No,No,Declining health,79,1965
"Douglas, William Orville",Associate Justice,1939-1975,,Franklin Delano Roosevelt,Democrat,1898,40,Minnesota,Connecticut,Presbyterian,White,Male,Whitman College,N/A,Columbia University,N/A,No,New York,Securities and Exchange Commission,No,No,No,No,No,No,No,No,No,No,No,No,No,Yes,Yes,No,No,No,No,No,No,No,No,No,No,Declining health,77,1980
"Murphy, Francis (Frank) William",Associate Justice,1940-1949,,Franklin Delano Roosevelt,Democrat,1890,49,Michigan,Michigan,Roman Catholic,White,Male,University of Michigan,N/A,University of Michigan,N/A,No,Michigan,U.S. Attorney General,Yes,No,No,No,No,Yes,No,No,No,No,Yes,No,No,No,Yes,No,No,No,No,Yes,Yes,No,No,No,No,Death,59,1949
"Byrnes, James Frances",Associate Justice,1941-1942,,Franklin Delano Roosevelt,Democrat,1879,62,South Carolina,South Carolina,Episcopalian,White,Male,Unknown or No Undergraduate Education,N/A,No Formal Law School Education/Read law,South Carolina,No,South Carolina,U.S. Senator,No,No,No,No,No,No,No,No,No,No,No,No,No,No,No,No,Yes,Yes,No,No,No,No,No,No,No,Took another position,63,1972
"Jackson, Robert Houghwout",Associate Justice,1941-1954,,Franklin Delano Roosevelt,Democrat,1892,49,Pennsylvania,New York,Episcopalian,White,Male,Unknown or No Undergraduate Education,N/A,Albany Law School,N/A,No,New York,U.S. Attorney General,No,No,No,No,No,No,No,No,Yes,Yes,Yes,Yes,No,Yes,No,No,No,No,No,No,No,No,No,No,No,Death,62,1954
"Rutledge, Wiley Blount",Associate Justice,1943-1949,,Franklin Delano Roosevelt,Democrat,1894,48,Kentucky,Iowa,Unitarian,White,Male,University of Wisconsin,N/A,University of Colorado,N/A,No,Colorado,U.S. Court of Appeals judge,No,No,No,No,Yes,No,No,No,No,No,No,No,No,No,No,No,No,No,No,No,No,No,No,No,No,Death,55,1949
"Burton, Harold Hitz",Associate Justice,1945-1958,,Harry S. Truman,Democrat,1888,57,Massachusetts,Ohio,Unitarian,White,Male,Bowdoin College,N/A,Harvard University,N/A,No,"Ohio, Utah",U.S. Senator,No,No,No,No,No,No,No,No,No,No,No,No,No,No,No,No,No,Yes,No,No,Yes,No,Yes,No,No,Declining health,70,1964
"Vinson, Fred Moore",Chief Justice,1946-1953,,Harry S. Truman,Democrat,1890,56,Kentucky,Kentucky,Methodist,White,Male,Centre College,N/A,College of Law of Central University,N/A,No,Kentucky,Secretary of the Treasury,No,No,No,No,Yes,No,No,No,No,No,No,No,Yes,Yes,Yes,No,Yes,No,No,No,No,No,No,No,No,Death,63,1953
"Clark, Tom Campbell",Associate Justice,1949-1967,,Harry S. Truman,Democrat,1899,49,Texas,Texas,Presbyterian,White,Male,University of Texas,N/A,University of Texas,N/A,No,Texas,U.S. Attorney General,No,No,No,No,No,No,No,No,No,Yes,Yes,No,No,No,No,No,No,No,No,No,No,No,No,No,No,Due to a potential conflict of interest,67,1977
"Minton, Sherman",Associate Justice,1949-1956,,Harry S. Truman,Democrat,1890,58,Indiana,Indiana,Protestant,White,Male,Indiana University of Bloomington,N/A,Indiana University School of Law - Bloomington (now Maurer School of Law); Yale University,N/A,No,Indiana,U.S. Court of Appeals judge,No,No,No,No,Yes,No,No,No,No,No,No,No,No,No,No,No,No,Yes,No,No,No,No,No,No,No,Declining health,65,1965
"Warren, Earl",Chief Justice,1953-1969,Yes,Dwight David Eisenhower,Republican,1891,62,California,California,Protestant,White,Male,University of California - Berkeley,N/A,University of California - Berkeley,N/A,No,California,Governor of California,No,No,No,No,No,No,No,No,No,No,No,No,No,No,No,No,No,No,No,Yes,No,No,No,No,No,Advanced age,62,1974
"Harlan, John Marshall (II)",Associate Justice,1955-1971,,Dwight David Eisenhower,Republican,1899,55,Illinois,New York,Presbyterian,White,Male,Princeton University,Oxford University,New York Law School,N/A,No,New York,U.S. Court of Appeals judge,No,No,No,No,Yes,Yes,No,No,No,No,No,No,No,No,No,No,No,No,No,No,No,No,No,No,No,Declining health,72,1971
"Brennan, William Joseph, Jr.",Associate Justice,1956-1990,Yes,Dwight David Eisenhower,Republican,1906,50,New Jersey,New Jersey,Roman Catholic,White,Male,University of Pennsylvania,N/A,Harvard University,N/A,No,New Jersey,State highest court justice,Yes,Yes,Yes,No,No,No,No,No,No,No,No,No,No,No,No,No,No,No,No,No,No,No,No,No,No,Advanced age,50,1997
"Whittaker, Charles Evans",Associate Justice,1957-1962,,Dwight David Eisenhower,Republican,1901,56,Kansas,Missouri,Methodist,White,Male,Unknown or No Undergraduate Education,N/A,Kansas City School of Law (now University of Missouri-Kansas City School of Law),N/A,No,Missouri,U.S. Court of Appeals judge,No,No,No,Yes,Yes,No,No,No,No,No,No,No,No,No,No,No,No,No,No,No,No,No,No,No,No,Declining health,61,1973
"Stewart, Potter",Associate Justice,1958-1981,Yes,Dwight David Eisenhower,Republican,1915,43,Michigan,Ohio,Episcopalian,White,Male,Yale University,Cambridge University,Yale University,N/A,No,"Ohio, New York",U.S. Court of Appeals judge,No,No,No,No,Yes,No,No,No,No,No,No,No,No,No,No,No,No,No,No,No,No,No,No,Yes,No,Spent more time with family,44,1985
"White, Byron Raymond",Associate Justice,1962-1993,,John Fitzgerald Kennedy,Democrat,1917,44,Colorado,Colorado,Episcopalian,White,Male,University of Colorado,Oxford University,Yale University,N/A,"Yes, Fred Vinson (1946-47)",Colorado,U.S. Assistant Attorney General,No,No,No,No,No,No,No,No,No,Yes,No,No,No,No,No,No,No,No,No,No,No,No,No,No,No,Spent more time with family,76,2002
"Goldberg, Arthur Joseph",Associate Justice,1962-1965,,John Fitzgerald Kennedy,Democrat,1908,54,Illinois,Illinois,Jewish,White,Male,Northwestern University,N/A,Northwestern University,N/A,No,Illinois,Secretary of Labor,No,No,No,No,No,No,No,No,No,No,No,No,Yes,No,No,No,No,No,No,No,No,No,No,No,No,Took another position,56,1990
"Fortas, Abe",Associate Justice,1965-1969,,Lyndon Baines Johnson,Democrat,1910,55,Tennessee,Tennessee,Jewish,White,Male,Southwestern,N/A,Yale University,N/A,No,"Connecticut, Washington, D.C.",Law firm,No,No,No,No,No,No,No,No,No,No,No,Yes,No,Yes,No,No,No,No,No,No,No,No,No,No,No,Because of criticism of unethical behavior,58,1982
"Marshall, Thurgood",Associate Justice,1967-1991,,Lyndon Baines Johnson,Democrat,1908,58,Maryland,New York,Episcopalian,Black,Male,Lincoln,N/A,Howard University,N/A,No,Maryland,U.S. Solicitor General,No,No,No,No,Yes,No,No,No,Yes,No,No,No,No,No,No,No,No,No,No,No,No,No,No,No,No,Advanced age,83,1993
"Thornberry, William Homer",Nomination withdrawn,N/A,,Lyndon Baines Johnson,Democrat,1909,59,Texas,Texas,Methodist,White,Male,University of Texas,N/A,University of Texas,N/A,No,Texas,U.S. Court of Appeals judge,No,No,No,Yes,Yes,No,No,No,No,No,No,No,No,No,No,No,Yes,No,No,No,No,No,Yes,Yes,No,N/A,N/A,1995
"Burger, Warren Earl",Chief Justice,1969-1986,,Richard Milhous Nixon,Republican,1907,61,Minnesota,Virginia,Presbyterian,White,Male,University of Minnesota,N/A,St. Paul College of Law (now Mitchell Hamline School of Law),N/A,No,Minnesota,U.S. Court of Appeals judge,No,No,No,No,Yes,No,No,No,No,Yes,No,No,No,No,No,No,No,No,No,No,No,No,No,No,No,Advanced age,79,1995
"Haynsworth, Clement, Jr.",Not confirmed by the Senate,N/A,,Richard Milhous Nixon,Republican,1912,56,South Carolina,South Carolina,Episcopalian,White,Male,Furman University,N/A,Harvard University,N/A,No,South Carolina,U.S. Court of Appeals judge,No,No,No,No,Yes,No,No,No,No,No,No,No,No,No,No,No,No,No,No,No,No,No,No,No,No,N/A,N/A,1989
"Carswell, G. Harrold",Not confirmed by the Senate,N/A,,Richard Milhous Nixon,Republican,1919,50,Georgia,Florida,Episcopalian,White,Male,Duke University,N/A,Mercer University,N/A,No,"Georgia, Florida",U.S. Court of Appeals judge,No,No,No,Yes,Yes,No,Yes,No,No,No,No,No,No,No,No,No,No,No,No,No,No,No,No,No,No,N/A,N/A,1992
"Blackmun, Harry Andrew",Associate Justice,1970-1994,,Richard Milhous Nixon,Republican,1908,61,Illinois,Minnesota,Methodist,White,Male,Harvard University,N/A,Harvard University,N/A,No,Minnesota,U.S. Court of Appeals judge,No,No,No,No,Yes,No,No,No,No,No,No,No,No,No,No,No,No,No,No,No,No,No,No,No,No,Advanced age,85,1999
"Powell, Lewis Franklin, Jr.",Associate Justice,1972-1987,,Richard Milhous Nixon,Republican,1907,64,Virginia,Virginia,Presbyterian,White,Male,Washington and Lee University,Harvard University,Washington And Lee University,N/A,No,Virginia,Law firm,No,No,No,No,No,No,No,No,No,No,No,No,No,No,No,No,No,No,No,No,No,No,No,No,No,Advanced age,79,1998
"Rehnquist, William Hubbs",Associate Justice; Chief Justice,1972-2005,,Richard Milhous Nixon,Republican,1924,47,Wisconsin,Arizona,Lutheran,White,Male,Stanford University,Harvard University,Stanford University,N/A,"Yes, Robert Jackson (1952-53)",Arizona,U.S. Assistant Attorney General,No,No,No,No,No,No,No,No,No,Yes,No,No,No,No,No,No,No,No,No,No,No,No,No,No,No,Death,61,2005
"Stevens, John Paul",Associate Justice,1975-2010,,Gerald Rudolph Ford,Republican,1920,55,Illinois,Illinois,Protestant,White,Male,University of Chicago,N/A,Northwestern University,N/A,"Yes, Wiley Rutledge (1947-48)",Illinois,U.S. Court of Appeals judge,No,No,No,No,Yes,No,No,No,No,Yes,No,No,No,No,No,No,No,No,No,No,No,No,No,No,No,Advanced age,90,2019
"O'Connor, Sandra Day",Associate Justice,1981-2006,,Ronald Wilson Reagan,Republican,1930,51,Texas,Arizona,Episcopalian,White,Female,Stanford University,N/A,Stanford University,N/A,No,"California, Arizona",State appellate court judge,Yes,Yes,No,No,No,No,No,No,No,No,No,No,No,No,No,No,No,No,No,No,No,Yes,No,No,No,Advanced age,75,Still alive
"Scalia, Antonin",Associate Justice,1986-2016,,Ronald Wilson Reagan,Republican,1936,50,New Jersey,Virginia,Roman Catholic,White,Male,Georgetown University,Fribourg (Switzerland),Harvard University,N/A,No,"Ohio, Virginia",U.S. Court of Appeals judge,No,No,No,No,Yes,No,No,No,No,Yes,No,No,No,Yes,Yes,No,No,No,No,No,No,No,No,No,No,Death,79,2016
"Bork, Robert H.",Not confirmed by the Senate,N/A,,Ronald Wilson Reagan,Republican,1927,60,Pennsylvania,"Washington, D.C.",Presbyterian,White,Male,University of Chicago,N/A,University of Chicago,N/A,No,"Illinois, Washington, D.C.",U.S. Court of Appeals judge,No,No,No,No,Yes,No,No,No,Yes,No,Yes,No,No,No,No,No,No,No,No,No,No,No,No,No,No,N/A,N/A,2012
"Kennedy, Anthony McLeod",Associate Justice,1988-2018,,Ronald Wilson Reagan,Republican,1936,51,California,California,Roman Catholic,White,Male,Stanford University,N/A,Harvard University,N/A,No,California,U.S. Court of Appeals judge,No,No,No,No,Yes,No,No,No,No,No,No,No,No,No,No,No,No,No,No,No,No,No,No,No,No,Advanced age,82,Still alive
"Souter, David H.",Associate Justice,1990-2009,,George H. W. Bush,Republican,1939,50,Massachusetts,New Hampshire,Episcopalian,White,Male,Harvard University,Oxford University,Harvard University,N/A,No,New Hampshire,U.S. Court of Appeals judge,Yes,No,Yes,No,Yes,No,No,No,No,No,No,No,No,No,No,No,No,No,No,No,No,No,No,No,No,Other,69,Still alive
"Thomas, Clarence",Associate Justice,1991-present,,George H. W. Bush,Republican,1948,43,Georgia,Georgia,Roman Catholic,Black,Male,College of Holy Cross,N/A,Yale University,N/A,No,Missouri,U.S. Court of Appeals judge,No,No,No,No,Yes,No,No,No,No,No,No,Yes,No,No,Yes,No,No,No,No,No,No,No,No,No,No,Still on the court,Still on the court,Still alive
"Ginsburg, Ruth Bader",Associate Justice,1993-2020,,William Jefferson Clinton,Democrat,1933,60,New York,New York,Jewish,White,Female,Cornell University,N/A,Columbia University,N/A,No,"New York, Washington, D.C.",U.S. Court of Appeals judge,No,No,No,No,Yes,No,No,No,No,No,No,No,No,No,No,No,No,No,No,No,No,No,No,No,No,Death,87,2020
"Breyer, Stephen G.",Associate Justice,1994-2022,,William Jefferson Clinton,Democrat,1938,55,California,Massachusetts,Jewish,White,Male,Stanford University,Oxford University,Harvard University,N/A,"Yes, Arthur Goldberg (1964-65)","Washington, D.C., California, Massachusetts",U.S. Court of Appeals judge,No,No,No,No,Yes,No,No,No,No,Yes,No,No,No,Yes,No,No,No,No,No,No,No,No,No,No,No,Advanced age,83,Still alive
"Roberts, John G., Jr.",Chief Justice,2005-present,,George W. Bush,Republican,1955,50,New York,Maryland,Roman Catholic,White,Male,Harvard University,N/A,Harvard University,N/A,"Yes, William Rehnquist (1980-81)","Washington, D.C.",U.S. Court of Appeals judge,No,No,No,No,Yes,No,No,Yes,No,Yes,No,No,No,Yes,No,No,No,No,No,No,No,No,No,No,No,Still on the court,Still on the court,Still alive
"Miers, Harriet E.",Nomination withdrawn,N/A,,George W. Bush,Republican,1945,60,Texas,Texas,Episcopalian,White,Female,Southern Methodist University,N/A,Southern Methodist University,N/A,No,"Texas, Washington, D.C.",White House counsel,No,No,No,No,No,No,No,No,No,No,No,No,No,Yes,Yes,No,No,No,No,No,No,No,No,Yes,No,N/A,N/A,Still alive
"Alito, Samuel A., Jr.",Associate Justice,2006-present,,George W. Bush,Republican,1950,55,New Jersey,New Jersey,Roman Catholic,White,Male,Princeton University,N/A,Yale University,N/A,No,"New Jersey, New York",U.S. Court of Appeals judge,No,No,No,No,Yes,Yes,Yes,Yes,No,Yes,No,No,No,No,No,No,No,No,No,No,No,No,No,No,No,Still on the court,Still on the court,Still alive
"Sotomayor, Sonia Maria",Associate Justice,2009-present,,Barack H. Obama,Democrat,1954,54,New York,New York,Roman Catholic,Hispanic origin,Female,Princeton University,N/A,Yale University,N/A,No,New York,U.S. Court of Appeals judge and professor/lecturer,No,No,No,Yes,Yes,No,No,No,No,No,No,No,No,No,No,No,No,No,No,No,No,No,No,No,No,Still on the court,Still on the court,Still alive
"Kagan, Elena",Associate Justice,2010-present,,Barack H. Obama,Democrat,1960,50,New York,Massachusetts,Jewish,White,Female,Princeton University,Oxford University,Harvard University,N/A,"Yes, Thurgood Marshall (1987-88)","New York, Washington, D.C.",U.S. Solicitor General,No,No,No,No,No,No,No,No,Yes,No,No,No,No,Yes,No,No,No,No,No,No,No,No,No,No,No,Still on the court,Still on the court,Still alive
"Garland, Merrick Brian",Not confirmed by the Senate,N/A,,Barack H. Obama,Democrat,1952,63,Illinois,Maryland,Jewish,White,Male,Harvard University,N/A,Harvard University,N/A,"Yes, William Brennan (1978-79)","Washington, D.C.",U.S. Court of Appeals judge,No,No,No,No,Yes,Yes,No,No,No,Yes,No,No,No,No,No,No,No,No,No,No,No,No,No,No,No,N/A,N/A,Still alive
"Gorsuch, Neil McGill",Associate Justice,2017-present,,Donald J. Trump,Republican,1967,49,Colorado,Colorado,Episcopalian,White,Male,Columbia University,Oxford University,Harvard University,N/A,"Yes, Byron White/Anthony Kennedy (1993-94)","New York, Colorado, Washington, D.C.",U.S. Court of Appeals judge,No,No,No,No,Yes,No,No,No,No,Yes,No,No,No,No,No,No,No,No,No,No,No,No,No,No,No,Still on the court,Still on the court,Still alive
"Kavanaugh, Brett Michael",Associate Justice,2018-present,,Donald J. Trump,Republican,1965,53,"Washington, D.C.",Maryland,Roman Catholic,White,Male,Yale University,N/A,Yale University,N/A,"Yes, Anthony Kennedy (1993-94)","Maryland, Washington, D.C.",U.S. Court of Appeals judge and professor/lecturer,No,No,No,No,Yes,No,No,Yes,No,Yes,No,No,No,Yes,No,No,No,No,No,No,No,No,No,No,No,Still on the court,Still on the court,Still alive
"Barrett, Amy Coney",Associate Justice,2020-present,,Donald J. Trump,Republican,1972,48,Louisiana,Indiana,Roman Catholic,White,Female,Rhodes College,N/A,Notre Dame,N/A,"Yes, Antonin Scalia (1998-99)","Virginia, Washington, D.C.",U.S. Court of Appeals judge and professor/lecturer,No,No,No,No,Yes,No,No,No,No,No,No,No,No,No,No,No,No,No,No,No,No,No,No,No,No,Still on the court,Still on the court,Still alive
"Jackson, Ketanji Brown",Associate Justice,2022-present,,"Joseph R. Biden, Jr.",Democrat,1970,51,"Washington, D.C.","Washington, D.C.",Protestant,Black,Female,Harvard University,N/A,Harvard University,N/A,"Yes, Stephen Breyer (1999-2000)","Massachusetts, Washington, D.C.",U.S. Court of Appeals judge,No,No,No,Yes,Yes,No,No,No,No,No,No,No,No,No,No,No,No,No,No,No,No,No,No,No,Yes,Still on the court,Still on the court,Still alive